{
    "x": [
        1,
        2,
        4,
        8,
        16
    ],
    "y": [
        717.2666666666667,
        888.5333333333333,
        805.6,
        511.1333333333333,
        15.7
    ]
}