{
    "x": [
        1,
        2,
        3,
        4,
        5,
        6,
        7,
        8,
        9,
        10,
        11,
        12,
        13,
        14,
        15,
        16,
        17,
        18,
        19,
        20
    ],
    "y": [
        39010.99380459754,
        38978.25119535375,
        38946.3015303415,
        38914.825469623924,
        38883.718964717424,
        38852.88495814061,
        38822.22180835907,
        38791.80382401674,
        38761.65966528414,
        38731.640851044234,
        38701.787326726284,
        38672.03719286848,
        38642.46233952588,
        38613.103013779444,
        38583.904149144204,
        38554.87320759579,
        38526.06566228328,
        38497.51660323912,
        38469.0970956979,
        38441.0058515139
    ]
}