{
    "x": [
        1,
        2,
        4,
        8,
        16
    ],
    "y": [
        0.005504889505589081,
        0.006248062984134059,
        0.006246958154382638,
        0.0062357967422618085,
        0.006289073854211747
    ]
}