{
    "x": [
        1,
        2,
        4,
        8,
        16
    ],
    "y": [
        0.020019080633355495,
        0.026588148324423362,
        0.0432347687543174,
        0.36583659110006395,
        0.34962585286100867
    ]
}