{
    "x": [
        1,
        2,
        4,
        8,
        16
    ],
    "y": [
        38.97492466666667,
        0.5455080333333334,
        0.4786187666666667,
        0.4261092666666666,
        0.4000999
    ]
}