{
    "x": [
        1,
        2,
        3,
        4,
        5,
        6,
        7,
        8,
        9,
        10
    ],
    "y": [
        3646.1617152675394,
        3546.610942192863,
        3447.3479061490016,
        3348.376713376353,
        3249.70307051658,
        3151.3568587433265,
        3053.2370386078346,
        2955.3541056094227,
        2857.858763989358,
        2760.8672741230484
    ]
}