{
    "x": [
        1,
        2
    ],
    "y": [
        20367.999263749596,
        20362.51463622503
    ]
}