{
    "x": [
        1,
        2,
        3,
        4,
        5
    ],
    "y": [
        37793.30397017202,
        37787.000428886924,
        37783.62703624592,
        37781.93683594814,
        37781.190604961324
    ]
}