{
    "x": [
        1,
        2,
        3,
        4,
        5,
        6,
        7,
        8,
        9,
        10,
        11,
        12,
        13,
        14,
        15,
        16
    ],
    "y": [
        3650.77241196878,
        3552.3791578860596,
        3454.204037029931,
        3356.113160689984,
        3257.4493135565353,
        3159.4266463309236,
        3061.1148231009283,
        2963.2426534965334,
        2865.0295791658564,
        2767.408911928823,
        2767.4019372545818,
        2767.3856930950756,
        2767.384713496467,
        2767.3876884271544,
        2767.3964214213315,
        2767.399981415784
    ]
}