{
    "x": [
        1,
        2,
        3,
        4,
        5,
        6,
        7,
        8,
        9,
        10,
        11,
        12,
        13,
        14,
        15,
        16,
        17,
        18,
        19,
        20
    ],
    "y": [
        20342.302025702487,
        20288.156459316735,
        20235.17902247543,
        20181.390843985704,
        20129.410443237342,
        20076.04935845327,
        20022.87235260448,
        19970.706621534304,
        19918.393606068606,
        19866.128974460407,
        19865.839699717842,
        19865.7173465369,
        19865.323239446905,
        19864.91002458393,
        19864.42137247624,
        19863.928091090947,
        19863.615180247478,
        19863.261453165098,
        19862.9607174119,
        19862.629749238033
    ]
}