{
    "x": [
        1,
        2,
        3,
        4,
        5,
        6,
        7,
        8,
        9,
        10,
        11,
        12,
        13,
        14,
        15,
        16,
        17,
        18,
        19,
        20
    ],
    "y": [
        55694.207851118925,
        55687.26239985946,
        55681.16632340313,
        55675.80788681513,
        55670.22229816533,
        55665.0078483315,
        55659.73083355151,
        55654.21743150103,
        55649.114829323575,
        55644.113516880054,
        55639.15424148085,
        55634.05746100234,
        55629.67165683086,
        55624.83972687151,
        55619.983873752564,
        55615.4662619793,
        55610.692851265616,
        55605.93075777704,
        55601.59877465865,
        55596.67822064537
    ]
}