{
    "x": [
        1,
        2,
        3,
        4,
        5,
        6,
        7,
        8,
        9,
        10,
        11,
        12,
        13,
        14,
        15,
        16,
        17,
        18,
        19,
        20
    ],
    "y": [
        37789.67831186529,
        37759.03027452783,
        37729.02311827485,
        37699.9128557829,
        37670.69502366787,
        37641.75867624328,
        37613.17597709777,
        37585.27973219561,
        37556.990169116754,
        37529.4935358438,
        37526.691370308916,
        37525.36948404223,
        37523.39413779518,
        37521.53969383505,
        37518.941296175864,
        37516.633335686594,
        37513.72182824862,
        37510.954188159805,
        37508.43205030843,
        37506.03665681575
    ]
}