{
    "x": [
        1,
        2,
        3,
        4,
        5,
        6,
        7,
        8,
        9,
        10,
        11,
        12,
        13,
        14,
        15,
        16,
        17,
        18,
        19,
        20
    ],
    "y": [
        8904.494263253358,
        8825.70372790504,
        8746.6302235996,
        8667.549816248913,
        8588.536968248249,
        8509.72180938435,
        8431.900613244268,
        8353.158555242495,
        8274.54682436765,
        8196.877263133676,
        8196.872202711638,
        8196.817366860212,
        8196.753272340364,
        8196.693609151991,
        8196.667937572505,
        8196.618784479786,
        8196.621828040988,
        8196.64565682548,
        8196.617465237072,
        8196.630457648464
    ]
}