{
    "x": [
        1,
        2,
        4,
        8,
        16
    ],
    "y": [
        28.189120000000003,
        27.867819999999995,
        34.259859999999996,
        69.60018,
        64.78209999999999
    ]
}