{
    "x": [
        1,
        2,
        4,
        8,
        16
    ],
    "y": [
        0.0,
        0.0,
        0.00768845313682215,
        0.3305119090374878,
        1.0
    ]
}