{
    "x": [
        1,
        2,
        4,
        8,
        16
    ],
    "y": [
        0.0,
        0.0,
        0.004868735259034127,
        0.3246876568952566,
        1.0
    ]
}