{
    "x": [
        1,
        2,
        4,
        8,
        16
    ],
    "y": [
        0.0021440894638245786,
        0.005078288620725401,
        0.05185299143228926,
        0.0390220564653486,
        0.036886475540907744
    ]
}