{
    "x": [
        1,
        2,
        4,
        8,
        16
    ],
    "y": [
        0.0019486936707349557,
        0.004714036230346472,
        0.05118412481256644,
        0.04211887740699537,
        0.033029074802516406
    ]
}