{
    "x": [
        1,
        2,
        3
    ],
    "y": [
        14953.016980883809,
        14952.388498600934,
        14952.170300692875
    ]
}