{
    "x": [
        1,
        2,
        3
    ],
    "y": [
        8905.27108787443,
        8825.305208113894,
        8751.699241948703
    ]
}