{
    "x": [
        1,
        2,
        3,
        4,
        5,
        6,
        7,
        8,
        9,
        10
    ],
    "y": [
        3645.470121817342,
        3545.8705606091235,
        3446.5774563097098,
        3347.654541873148,
        3249.031842630048,
        3150.719050081383,
        3052.641539176665,
        2954.829236005457,
        2857.424950619258,
        2760.9512332454274
    ]
}