{
    "x": [
        1,
        2,
        3,
        4,
        5,
        6,
        7,
        8,
        9,
        10
    ],
    "y": [
        3646.1617152675385,
        3546.6109421928622,
        3447.3479061489998,
        3348.3767133763517,
        3249.703070516577,
        3151.356858743324,
        3053.237038607832,
        2955.354105609419,
        2857.858763989355,
        2760.867274123043
    ]
}