{
    "x": [
        1,
        2,
        3
    ],
    "y": [
        14954.625299666739,
        14954.158414754666,
        14953.877560210301
    ]
}