{
    "x": [
        1,
        2,
        3,
        4,
        5,
        6,
        7,
        8,
        9,
        10,
        11,
        12,
        13,
        14,
        15,
        16,
        17,
        18,
        19,
        20
    ],
    "y": [
        55702.58560208322,
        55687.06322085319,
        55672.0224910262,
        55657.5213002587,
        55643.449608641706,
        55629.834748917725,
        55616.730223295715,
        55604.15117827123,
        55592.27165337155,
        55581.23126817713,
        55571.29546084662,
        55561.6424656076,
        55552.13862262959,
        55542.7899756715,
        55533.56252514004,
        55524.41752462442,
        55515.37688408033,
        55506.4207608704,
        55497.54331158034,
        55488.72229007989
    ]
}