{
    "x": [
        1,
        2,
        3,
        4,
        5,
        6,
        7,
        8,
        9,
        10
    ],
    "y": [
        3645.4701218173427,
        3545.8705606091253,
        3446.577456309713,
        3347.6545418731503,
        3249.031842630051,
        3150.719050081387,
        3052.641539176671,
        2954.829236005462,
        2857.4249506192637,
        2760.9512332454324
    ]
}