{
    "x": [
        1,
        2,
        3,
        4,
        5,
        6,
        7,
        8,
        9,
        10,
        11,
        12,
        13,
        14,
        15,
        16,
        17,
        18,
        19,
        20
    ],
    "y": [
        20336.023747679934,
        20278.539086486166,
        20221.54235691395,
        20165.14363041329,
        20109.290438669916,
        20054.112439551758,
        19999.57233571438,
        19945.48267573769,
        19892.04343933191,
        19839.83888972329,
        19836.444867962873,
        19833.24229631833,
        19830.164318355317,
        19827.157108558997,
        19824.2239803909,
        19821.34790520073,
        19818.52861117021,
        19815.74721620793,
        19813.003941568637,
        19810.29714483955
    ]
}