{
    "x": [
        1,
        2,
        3,
        4,
        5,
        6,
        7,
        8,
        9,
        10
    ],
    "y": [
        8900.009194560143,
        8818.680987934495,
        8737.79254303411,
        8657.387623735909,
        8577.454612295971,
        8497.86301348992,
        8418.63463158365,
        8339.753924119786,
        8261.552881245569,
        8184.147961674458
    ]
}