{
    "x": [
        1,
        2,
        3,
        4,
        5,
        6,
        7,
        8,
        9,
        10,
        11,
        12,
        13,
        14,
        15,
        16,
        17,
        18,
        19,
        20
    ],
    "y": [
        37778.61821531569,
        37745.06880760853,
        37712.341982399834,
        37680.28454011984,
        37648.815967465285,
        37617.861372620166,
        37587.37682327505,
        37557.41083884065,
        37528.07929839864,
        37500.09548886154,
        37493.05941009646,
        37486.34375392806,
        37479.81764872779,
        37473.425004438424,
        37467.14266975997,
        37460.96488494876,
        37454.84282322124,
        37448.789412015736,
        37442.79821094855,
        37436.866511653716
    ]
}