{
    "x": [
        1,
        2,
        3,
        4,
        5,
        6,
        7,
        8,
        9,
        10
    ],
    "y": [
        8904.264749340986,
        8822.945041856728,
        8741.986938545708,
        8661.498972892787,
        8581.383221623062,
        8501.61489961616,
        8422.32451587117,
        8343.467699802532,
        8265.184508414652,
        8187.7778846750125
    ]
}