{
    "x": [
        1,
        2,
        3,
        4,
        5,
        6,
        7,
        8,
        9,
        10,
        11,
        12,
        13,
        14,
        15,
        16,
        17,
        18,
        19,
        20
    ],
    "y": [
        20337.939390795385,
        20280.241078584175,
        20223.256144142997,
        20166.97919941936,
        20111.202292700033,
        20055.856308055485,
        20001.024918961903,
        19946.763860197112,
        19893.345085566285,
        19841.00199019961,
        19837.640860781397,
        19834.488903232505,
        19831.46056435431,
        19828.520827044034,
        19825.639280665273,
        19822.810210522923,
        19820.026350740474,
        19817.28865699534,
        19814.591526086806,
        19811.926148966882
    ]
}