{
    "x": [
        1,
        2,
        3,
        4,
        5,
        6,
        7
    ],
    "y": [
        55704.449887470015,
        55695.73443163782,
        55690.74701264865,
        55687.81234187079,
        55686.25508697549,
        55685.35657052197,
        55684.93122269145
    ]
}