{
    "x": [
        1,
        2,
        3,
        4,
        5
    ],
    "y": [
        55663.73514131987,
        55655.40068790097,
        55650.663077244935,
        55647.95320498103,
        55646.530027453504
    ]
}