{
    "x": [
        1,
        2,
        3,
        4,
        5,
        6
    ],
    "y": [
        37800.92347441254,
        37794.75146060533,
        37791.50185360144,
        37789.79617570898,
        37788.87623971421,
        37788.42080295204
    ]
}