{
    "x": [
        1,
        2
    ],
    "y": [
        20371.906672236724,
        20366.287915721634
    ]
}