{
    "x": [
        1,
        2,
        4,
        8,
        16
    ],
    "y": [
        44.833333333333336,
        17.866666666666667,
        33.166666666666664,
        105.16666666666667,
        10.733333333333333
    ]
}