{
    "x": [
        1,
        2,
        3
    ],
    "y": [
        8901.261937671195,
        8821.161222638266,
        8747.621298773252
    ]
}