{
    "x": [
        1,
        2,
        3,
        4,
        5,
        6,
        7,
        8,
        9,
        10,
        11,
        12,
        13,
        14,
        15,
        16,
        17,
        18,
        19,
        20
    ],
    "y": [
        55675.735148989785,
        55660.03208796859,
        55645.044514360045,
        55630.52227664193,
        55616.44576277311,
        55602.83186494186,
        55589.63597361997,
        55577.09335211619,
        55565.097252236956,
        55553.87902059201,
        55543.75997372057,
        55533.976247406936,
        55524.377163389065,
        55514.98222403677,
        55505.69990759224,
        55496.53089506387,
        55487.46936249878,
        55478.47335034458,
        55469.540073713564,
        55460.67412912919
    ]
}