{
    "x": [
        1,
        2,
        3,
        4,
        5,
        6,
        7,
        8,
        9,
        10,
        11,
        12,
        13,
        14,
        15,
        16,
        17,
        18,
        19,
        20
    ],
    "y": [
        37785.54837765182,
        37752.22122682319,
        37719.55356940371,
        37687.50754244871,
        37655.95085541868,
        37624.86155901258,
        37594.21279894989,
        37564.228491655216,
        37535.07954387234,
        37507.11160802159,
        37500.09446486614,
        37493.38284314541,
        37486.86646621796,
        37480.4912761832,
        37474.20861428552,
        37467.99878417342,
        37461.879286948395,
        37455.81629033017,
        37449.84130117683,
        37443.92836536448
    ]
}