{
    "x": [
        1,
        2,
        3,
        4,
        5,
        6,
        7,
        8,
        9,
        10,
        11,
        12,
        13,
        14,
        15,
        16,
        17,
        18,
        19,
        20
    ],
    "y": [
        55675.735148989785,
        55660.03208796859,
        55645.044514360045,
        55630.52227664193,
        55616.44576277311,
        55602.83186494186,
        55589.63597361997,
        55577.09335211619,
        55565.097252236956,
        55553.87396088556,
        55543.73958703527,
        55533.95561835066,
        55524.35471550483,
        55514.956930771004,
        55505.67461432647,
        55496.505601798104,
        55487.43616608252,
        55478.43199077017,
        55469.49805115784,
        55460.632036593444
    ]
}