{
    "x": [
        1,
        2,
        4,
        8,
        16
    ],
    "y": [
        999.0666666666667,
        234.06666666666666,
        6.166666666666667,
        8.166666666666666,
        12.433333333333334
    ]
}