{
    "x": [
        1,
        2,
        4,
        8,
        16
    ],
    "y": [
        1021.8627366666666,
        1023.5957966666666,
        1024.2288833333337,
        1018.66741,
        1025.7589699999999
    ]
}