{
    "x": [
        1,
        2,
        4,
        8,
        16
    ],
    "y": [
        1040.77278,
        1019.87134,
        1053.41156,
        1047.26654,
        1039.53442
    ]
}