{
    "x": [
        1,
        2,
        4,
        8,
        16
    ],
    "y": [
        1.341663056966667,
        1.3393969084333335,
        1.3446987473000003,
        1.352383848366667,
        1.361727449366667
    ]
}