{
    "x": [
        1,
        2,
        4,
        8,
        16
    ],
    "y": [
        3.7503300000000004,
        1.3211860000000002,
        1.2979800000000001,
        1.304478,
        1.2962159999999998
    ]
}