{
    "x": [
        1,
        2,
        4,
        8,
        16
    ],
    "y": [
        4.226221616,
        3.9329061614,
        3.9372558964000004,
        3.943448236500001,
        3.968709594066666
    ]
}