{
    "x": [
        1,
        2,
        4,
        8,
        16
    ],
    "y": [
        104.2705012546667,
        297.5284706666667,
        301.2024559333333,
        209.8237865,
        130.75193419999997
    ]
}