{
    "x": [
        1,
        2,
        4,
        8,
        16
    ],
    "y": [
        0.21550362904866524,
        0.2048189719518026,
        0.49651921590169296,
        0.6131335655848186,
        1.174844932556152
    ]
}