{
    "x": [
        1,
        2,
        4,
        8,
        16
    ],
    "y": [
        1.9201183333333331,
        1.68197369,
        1.540274015666667,
        1.5081200000000003,
        1.5114146666666668
    ]
}