{
    "x": [
        1,
        2,
        4,
        8,
        16
    ],
    "y": [
        5.727878666666666,
        1.790343,
        1.5505743333333333,
        1.5189603333333337,
        1.5351806666666667
    ]
}