{
    "x": [
        1,
        2,
        4,
        8,
        16
    ],
    "y": [
        1.4906896666666667,
        1.4752503366666665,
        1.4824550333333333,
        1.460068666666667,
        1.4740853333333328
    ]
}