{
    "x": [
        1,
        2,
        4,
        8,
        16
    ],
    "y": [
        11.289853563333335,
        11.523618583333333,
        12.480966126666665,
        12.125879299666668,
        11.978239015333333
    ]
}