{
    "x": [
        1,
        2,
        4,
        8,
        16
    ],
    "y": [
        5.06995,
        1.507274,
        1.38074,
        1.351726,
        1.37153
    ]
}