{
    "x": [
        1,
        2,
        4,
        8,
        16
    ],
    "y": [
        5.03849,
        1.5621059999999998,
        1.421472,
        1.411926,
        1.425276
    ]
}