{
    "x": [
        1,
        2,
        4,
        8,
        16
    ],
    "y": [
        4.728248,
        5.069000000000001,
        5.762084000000001,
        5.331353999999999,
        5.097118
    ]
}