{
    "x": [
        1,
        2,
        4,
        8,
        16
    ],
    "y": [
        0.0020558808911491123,
        0.005445110992577996,
        0.04057054582063489,
        0.03829487033886353,
        0.03505868946045381
    ]
}