{
    "x": [
        1,
        2,
        3,
        4,
        5,
        6,
        7,
        8,
        9,
        10,
        11,
        12
    ],
    "y": [
        3563.885183902472,
        3357.986386417295,
        3169.792482366977,
        2982.5519336135644,
        2825.542938999026,
        2680.569307007717,
        2547.9717449942214,
        2442.6303775574925,
        2358.3795286122627,
        2313.8365373522042,
        2300.578371963641,
        2294.611204369947
    ]
}