{
    "x": [
        1,
        2,
        4,
        8,
        16
    ],
    "y": [
        0.024903998780302007,
        0.024790501052236787,
        0.024801164118285014,
        0.025061907874129975,
        0.12839313260367466
    ]
}