{
    "x": [
        1,
        2,
        4,
        8,
        16
    ],
    "y": [
        0.05067508671418655,
        0.30024299635457197,
        0.29690272431241677,
        0.3153668087665095,
        0.403854035210675
    ]
}