{
    "x": [
        1,
        2,
        3,
        4,
        5,
        6,
        7,
        8,
        9,
        10,
        11,
        12,
        13,
        14,
        15,
        16,
        17,
        18,
        19,
        20
    ],
    "y": [
        55643.82476341757,
        55628.8336328167,
        55614.40511248818,
        55600.05479352217,
        55586.16189951351,
        55572.789826601205,
        55559.74405192848,
        55546.96856574812,
        55534.76293209179,
        55523.418705169424,
        55513.491670258365,
        55503.928376870856,
        55494.529091389115,
        55485.198339010436,
        55475.93495019581,
        55466.77071708854,
        55457.710525537725,
        55448.73952359926,
        55439.82766588123,
        55430.97019494486
    ]
}