{
    "x": [
        1,
        2,
        3,
        4,
        5,
        6,
        7,
        8,
        9,
        10
    ],
    "y": [
        8889.29150361152,
        8807.939369856525,
        8726.922973335259,
        8646.515082428023,
        8566.560360687308,
        8486.86881190458,
        8407.686658516282,
        8329.19791181794,
        8251.320043897293,
        8174.1952720233485
    ]
}