{
    "x": [
        1,
        2,
        3,
        4,
        5,
        6,
        7,
        8,
        9,
        10,
        11,
        12,
        13,
        14,
        15,
        16,
        17,
        18,
        19,
        20
    ],
    "y": [
        20328.03777375699,
        20270.685071858297,
        20213.95156215186,
        20157.57392449816,
        20101.600443434283,
        20046.23472198384,
        19991.64344819748,
        19937.59162898409,
        19884.240284679516,
        19832.793193772868,
        19829.274777949497,
        19826.062030783138,
        19822.972081952634,
        19819.995407563,
        19817.094194712852,
        19814.237902019493,
        19811.42130164932,
        19808.635303716226,
        19805.8682384824,
        19803.144736474667
    ]
}