{
    "x": [
        1,
        2,
        3,
        4,
        5,
        6,
        7,
        8,
        9,
        10,
        11,
        12,
        13,
        14,
        15,
        16,
        17,
        18,
        19,
        20
    ],
    "y": [
        37809.092662638264,
        37775.6414844696,
        37743.025793007415,
        37710.70191662806,
        37678.87341841691,
        37647.647711033875,
        37616.779000543116,
        37586.24164196053,
        37556.21791246223,
        37527.30812212694,
        37520.53785551946,
        37513.98569478345,
        37507.54288616536,
        37501.22476266242,
        37494.9996978574,
        37488.8602776676,
        37482.84373707577,
        37476.86977318474,
        37470.9545931166,
        37465.079363646335
    ]
}