{
    "x": [
        1,
        2
    ],
    "y": [
        20366.27094952306,
        20362.293798271734
    ]
}