{
    "x": [
        1,
        2,
        3,
        4,
        5,
        6
    ],
    "y": [
        55646.504106735214,
        55638.05422485019,
        55632.76370486237,
        55629.56043669085,
        55627.87656040036,
        55626.770376008375
    ]
}