{
    "x": [
        1,
        2,
        3,
        4,
        5,
        6,
        7,
        8,
        9,
        10
    ],
    "y": [
        56215.994418187765,
        56212.58790899748,
        56210.603230643086,
        56209.856682587146,
        56209.74042130292,
        56210.06422001279,
        56210.9133845136,
        56212.17962949451,
        56213.7693038005,
        56215.51916317723
    ]
}