{
    "x": [
        1,
        2,
        3,
        4,
        5,
        6,
        7,
        8,
        9,
        10
    ],
    "y": [
        30552.290108860765,
        30550.044985263852,
        30550.138026989047,
        30550.953615125876,
        30552.029503395595,
        30553.488436722444,
        30554.901314025887,
        30556.102743293668,
        30557.109455526883,
        30558.22434561136
    ]
}