{
    "x": [
        1,
        2,
        3,
        4,
        5,
        6,
        7,
        8,
        9,
        10
    ],
    "y": [
        58243.91489304252,
        58242.46700459718,
        58241.85985935278,
        58241.72246845914,
        58241.86384855666,
        58242.26493968174,
        58242.86372341784,
        58243.58904499891,
        58244.47384604337,
        58245.65402785538
    ]
}