{
    "x": [
        1,
        2,
        3,
        4,
        5,
        6,
        7,
        8,
        9,
        10
    ],
    "y": [
        12151.109471703714,
        12150.801825490724,
        12150.640457399379,
        12150.620114848472,
        12150.631994420963,
        12150.696729759457,
        12150.825734781194,
        12151.066100129727,
        12151.38735156996,
        12151.797626948328
    ]
}