{
    "x": [
        1,
        2,
        3,
        4,
        5,
        6,
        7,
        8,
        9,
        10
    ],
    "y": [
        22568.629381865543,
        22567.225722447496,
        22566.66716756925,
        22566.52226196504,
        22566.663412216694,
        22567.037407994947,
        22567.757054886744,
        22568.549039438854,
        22569.500499114674,
        22570.62011592539
    ]
}