{
    "x": [
        1,
        2,
        3,
        4,
        5,
        6,
        7,
        8,
        9,
        10
    ],
    "y": [
        21385.26065043284,
        21042.55855427304,
        20734.921829295785,
        20464.850744762753,
        20228.038587424908,
        20030.917062411936,
        19860.678618956877,
        19734.37443544224,
        19643.86781025226,
        19595.41030933425
    ]
}