{
    "x": [
        1,
        2,
        3,
        4,
        5,
        6,
        7,
        8,
        9,
        10
    ],
    "y": [
        23569.163889568925,
        23567.290133007027,
        23574.500766118017,
        23581.856023192984,
        23588.17693422969,
        23594.103120379234,
        23599.39592593051,
        23603.936334118833,
        23608.206646703777,
        23612.707226766077
    ]
}