{
    "x": [
        1,
        2,
        3,
        4,
        5,
        6,
        7,
        8,
        9,
        10
    ],
    "y": [
        43547.714426083265,
        43547.14831220684,
        43546.8503085028,
        43546.64933604378,
        43546.51511757962,
        43546.483645491666,
        43546.49425710739,
        43546.5684157471,
        43546.72653631983,
        43547.1063421506
    ]
}