{
    "x": [
        1,
        2,
        3,
        4,
        5,
        6,
        7,
        8,
        9,
        10
    ],
    "y": [
        39041.55483094537,
        39040.37614039752,
        39040.08382410537,
        39040.181051222855,
        39040.556233810064,
        39041.02316703609,
        39041.72570049701,
        39042.52637476845,
        39043.43143644818,
        39044.54427959905
    ]
}