{
    "x": [
        1,
        2,
        3,
        4,
        5,
        6,
        7,
        8,
        9,
        10
    ],
    "y": [
        7643.407845088169,
        7642.808341751683,
        7642.890358050745,
        7643.069927466857,
        7643.252370470089,
        7643.4030260870495,
        7643.70812299745,
        7643.958903855004,
        7644.199870578882,
        7644.445148520188
    ]
}