{
    "x": [
        1,
        2,
        3,
        4,
        5,
        6,
        7,
        8,
        9,
        10
    ],
    "y": [
        19922.21110609039,
        18041.702689782407,
        16166.301743524418,
        14296.1931428136,
        12431.739184484695,
        10573.716844346804,
        8723.213309988758,
        6880.309573586233,
        5050.034855025154,
        3232.450743589257
    ]
}