{
    "x": [
        1,
        2,
        3,
        4,
        5,
        6,
        7,
        8,
        9,
        10
    ],
    "y": [
        29489.909527754717,
        28426.649118119505,
        27367.76114571085,
        26313.842908401297,
        25264.55666752743,
        24220.493387067843,
        23182.202338538456,
        22149.372471421764,
        21125.439155654567,
        20111.81907191285
    ]
}