{
    "x": [
        1,
        2,
        3,
        4,
        5,
        6,
        7,
        8,
        9,
        10,
        11,
        12,
        13
    ],
    "y": [
        57971.26606326779,
        57700.01747370716,
        57432.97125021713,
        57168.778465994284,
        56906.80328557975,
        56646.956216616236,
        56389.41805381465,
        56133.84210977251,
        55881.93382293208,
        55635.87464240232,
        55610.60753473167,
        55594.11621462416,
        55582.62635868539
    ]
}