{
    "x": [
        1,
        2,
        3,
        4,
        5,
        6,
        7,
        8,
        9,
        10
    ],
    "y": [
        42940.78937985989,
        42338.61747538986,
        41740.55208999324,
        41145.79160837658,
        40555.433995661646,
        39969.1887850687,
        39387.061351535136,
        38808.70661316128,
        38235.2591670669,
        37669.56980899256
    ]
}