{
    "x": [
        1,
        2,
        3,
        4,
        5,
        6,
        7,
        8,
        9,
        10
    ],
    "y": [
        22075.481282373334,
        20549.31420511078,
        19028.705782615612,
        17513.05192200463,
        16003.730089396633,
        14499.661967885719,
        13002.41044539733,
        11512.65097389408,
        10029.252871895238,
        8559.130042048868
    ]
}