{
    "x": [
        1,
        2,
        3,
        4,
        5,
        6,
        7,
        8,
        9,
        10,
        11,
        12,
        13,
        14,
        15,
        16,
        17,
        18,
        19
    ],
    "y": [
        38880.44305137302,
        38721.658469138725,
        38565.01164053976,
        38409.74174551227,
        38255.33004087425,
        38102.62515787813,
        37951.16131764905,
        37800.57511813434,
        37651.36869329424,
        37503.48508640764,
        37481.98032397811,
        37461.75432924635,
        37442.34671537862,
        37423.339545936105,
        37404.64272583591,
        37386.515565783775,
        37371.756690364055,
        37357.39075003672,
        37343.4128166295
    ]
}