{
    "x": [
        1,
        2,
        3,
        4,
        5,
        6
    ],
    "y": [
        7106.918382634544,
        6588.41501427296,
        6097.593853454144,
        5859.7898281384905,
        5721.99867202827,
        5696.232918693835
    ]
}