{
    "x": [
        1,
        2,
        3,
        4,
        5,
        6,
        7,
        8,
        9,
        10,
        11,
        12
    ],
    "y": [
        19625.121161334173,
        17708.284534679253,
        15854.112029197839,
        14060.991446256829,
        12516.108151150587,
        11359.919799981388,
        10341.651177249842,
        9366.730953914786,
        8438.866752532334,
        7722.220847503632,
        7254.965529593681,
        6862.1298875637885
    ]
}