{
    "x": [
        1,
        2,
        3,
        4,
        5,
        6,
        7,
        8
    ],
    "y": [
        21809.69305351308,
        20301.185398626996,
        18966.138768266188,
        17822.998503573184,
        16958.732120709767,
        16273.154088186853,
        15803.02244761883,
        15470.396930660032
    ]
}