{
    "x": [
        1,
        2,
        3,
        4,
        5,
        6
    ],
    "y": [
        29305.95563398749,
        28347.820489074777,
        27584.162425815826,
        26984.937475009483,
        26608.49485700274,
        26388.91832825134
    ]
}