{
    "x": [
        1,
        2,
        3,
        4,
        5,
        6,
        7,
        8,
        9,
        10,
        11,
        12,
        13,
        14,
        15,
        16,
        17,
        18,
        19,
        20
    ],
    "y": [
        56182.56006446576,
        56145.2979139474,
        56109.10432216937,
        56073.57564573076,
        56038.121341367,
        56002.958721767776,
        55968.02021527749,
        55933.28416915665,
        55898.73957775785,
        55864.35347909263,
        55830.083021031496,
        55795.90113905317,
        55761.806289136395,
        55727.76249292799,
        55693.8234258955,
        55659.96937199034,
        55626.1513079918,
        55592.409147270475,
        55558.714608937225,
        55525.06160045172
    ]
}