{
    "x": [
        1,
        2,
        3,
        4,
        5,
        6,
        7,
        8,
        9,
        10,
        11,
        12,
        13,
        14,
        15,
        16,
        17,
        18,
        19,
        20
    ],
    "y": [
        22289.519497949903,
        22012.326193824396,
        21736.073651522474,
        21461.76544977575,
        21188.903025610074,
        20917.427265322574,
        20647.77748885882,
        20379.284163202676,
        20111.794339005122,
        19846.762990890486,
        19833.64936652471,
        19820.715666849104,
        19807.851683124798,
        19795.0374563804,
        19782.350107635568,
        19769.718799599046,
        19757.117444014242,
        19744.551975595492,
        19732.020984804105,
        19719.56457061476
    ]
}