{
    "x": [
        1,
        2,
        3,
        4,
        5,
        6,
        7,
        8,
        9,
        10,
        11,
        12,
        13,
        14,
        15,
        16,
        17,
        18,
        19,
        20
    ],
    "y": [
        42835.78026050233,
        42267.72753463203,
        41751.78622710164,
        41319.632131490696,
        40952.552216506614,
        40674.01871516989,
        40478.38526322164,
        40322.12114853087,
        40210.78947753654,
        40148.35731217701,
        40118.476211668334,
        40096.109418181666,
        40074.2358069723,
        40053.182970413254,
        40032.3311170458,
        40011.66515699178,
        39991.193787490454,
        39970.83009935232,
        39950.56850414986,
        39930.41552969157
    ]
}