{
    "x": [
        1,
        2,
        3,
        4,
        5,
        6,
        7,
        8,
        9,
        10,
        11,
        12,
        13,
        14,
        15,
        16,
        17,
        18,
        19,
        20
    ],
    "y": [
        58123.43283027473,
        58078.72174809838,
        58035.59124695502,
        57993.10670057103,
        57951.078145165084,
        57909.59658463684,
        57868.41139822735,
        57827.59626635629,
        57787.10897896885,
        57746.79606832754,
        57706.72899997278,
        57666.839778071924,
        57627.161412130765,
        57587.66110181506,
        57548.3993239183,
        57509.26688887844,
        57470.232944933625,
        57431.3169051931,
        57392.54282727932,
        57353.93619110683
    ]
}