{
    "x": [
        1,
        2,
        4,
        8,
        16
    ],
    "y": [
        647.9,
        493.26666666666665,
        141.36666666666667,
        10.033333333333333,
        10.0
    ]
}