{
    "x": [
        1,
        2,
        4,
        8,
        16
    ],
    "y": [
        7.4,
        6.333333333333333,
        2.3333333333333335,
        1.2666666666666666,
        1.1333333333333333
    ]
}