{
    "x": [
        1,
        2,
        4,
        8,
        16
    ],
    "y": [
        5.2,
        4.866666666666666,
        2.2333333333333334,
        1.3666666666666667,
        1.0666666666666667
    ]
}