{
    "x": [
        1,
        2,
        3,
        4,
        5,
        6
    ],
    "y": [
        29442.07832233231,
        29235.272990350455,
        29074.524736758718,
        28945.23705895958,
        28875.46005475732,
        28825.195434190857
    ]
}