{
    "x": [
        1,
        2,
        4,
        8,
        16
    ],
    "y": [
        28.898560000000003,
        2.196116,
        2.043058,
        2.0479480000000003,
        2.033646
    ]
}