{
    "x": [
        1,
        2,
        4,
        8,
        16
    ],
    "y": [
        0.18485356171925874,
        0.1779865980148315,
        0.4833017667134602,
        0.5600384791692097,
        1.2148305733998623
    ]
}