{
    "x": [
        1,
        2,
        4,
        8,
        16
    ],
    "y": [
        5.452852333333334,
        1.5502506666666669,
        1.4614509999999996,
        1.439480666666667,
        1.4436773333333335
    ]
}