{
    "x": [
        1,
        2,
        4,
        8,
        16
    ],
    "y": [
        5.031231333333333,
        5.054691666666668,
        5.572657666666667,
        5.283691000000001,
        5.048995333333335
    ]
}