{
    "x": [
        1,
        2,
        3,
        4,
        5,
        6,
        7,
        8,
        9,
        10,
        11,
        12,
        13,
        14,
        15,
        16,
        17,
        18,
        19,
        20
    ],
    "y": [
        56196.7387616797,
        56149.163763461765,
        56097.96372046713,
        56047.7058681172,
        55996.09538646303,
        55944.766536326526,
        55896.95775820674,
        55855.36863825509,
        55820.85043209502,
        55795.64649477439,
        55773.08078415123,
        55756.78846849817,
        55741.467849238725,
        55728.56074417456,
        55717.15753797325,
        55704.713377902364,
        55694.734124503906,
        55684.947515550506,
        55677.504293878956,
        55670.806230830676
    ]
}