{
    "x": [
        1,
        2,
        3,
        4,
        5,
        6,
        7,
        8,
        9,
        10,
        11,
        12,
        13,
        14,
        15,
        16,
        17
    ],
    "y": [
        38904.32909835835,
        38757.16060418473,
        38610.551939596684,
        38465.51203825184,
        38321.222867383054,
        38178.43723911779,
        38034.19804535026,
        37891.56275469832,
        37749.85525340288,
        37610.39011813765,
        37606.178154791625,
        37602.46164338281,
        37600.05458929039,
        37598.5020682892,
        37597.35690632479,
        37596.51755639511,
        37596.22913232958
    ]
}