{
    "x": [
        1,
        2,
        3,
        4,
        5,
        6,
        7,
        8,
        9,
        10,
        11
    ],
    "y": [
        7171.150552696935,
        6685.541515500581,
        6200.512082848648,
        5715.005310166636,
        5229.770913169274,
        4744.995376768645,
        4260.58913213474,
        3776.590619795593,
        3293.6047510818366,
        2813.058539728069,
        2813.062648156969
    ]
}