{
    "x": [
        1,
        2,
        3,
        4,
        5,
        6,
        7,
        8,
        9,
        10,
        11,
        12,
        13,
        14,
        15,
        16,
        17,
        18,
        19,
        20
    ],
    "y": [
        22339.443529333763,
        22074.905284906687,
        21810.874192729643,
        21545.98780953321,
        21281.94471925448,
        21018.922867510133,
        20757.53366150938,
        20496.2223808882,
        20236.86717435534,
        19979.707186497726,
        19978.974592915656,
        19978.44597443348,
        19978.085826697956,
        19977.936401016967,
        19977.46894029098,
        19977.223416666053,
        19976.97771808204,
        19976.769551228263,
        19976.686261008734,
        19976.5669455625
    ]
}