{
    "x": [
        1,
        2,
        3,
        4,
        5,
        6,
        7,
        8,
        9,
        10,
        11,
        12,
        13,
        14,
        15,
        16,
        17,
        18,
        19,
        20
    ],
    "y": [
        11763.181453993773,
        11372.295152934394,
        10981.51932566815,
        10594.197143390049,
        10205.202532231062,
        9817.248455948547,
        9430.328581737956,
        9044.313620608784,
        8656.49198231549,
        8271.300304696064,
        8271.293015381048,
        8271.240503108154,
        8271.292880763656,
        8271.265435134592,
        8271.282755842562,
        8271.294332267165,
        8271.257576537631,
        8271.237438996957,
        8271.248113439555,
        8271.28964497342
    ]
}