{
    "x": [
        1,
        2,
        4,
        8,
        16
    ],
    "y": [
        13.410296666666662,
        1.5842561999999998,
        0.5865321666666666,
        0.43837463333333326,
        0.42088956666666666
    ]
}