{
    "x": [
        1,
        2,
        3,
        4,
        5,
        6,
        7,
        8,
        9,
        10
    ],
    "y": [
        22289.519497949903,
        22012.326193824396,
        21736.073651522474,
        21461.76544977575,
        21188.903025377396,
        20917.427265089897,
        20647.77748862614,
        20379.284162969994,
        20111.794338772444,
        19846.762990657804
    ]
}