{
    "x": [
        1,
        2,
        3,
        4,
        5,
        6,
        7,
        8,
        9,
        10
    ],
    "y": [
        11750.88972515646,
        11352.52926169367,
        10955.1918488569,
        10559.397633432744,
        10164.484391744916,
        9771.303423910224,
        9379.656936013185,
        8988.884561412458,
        8599.813329709914,
        8212.716521908413
    ]
}