{
    "x": [
        1,
        2,
        3,
        4,
        5,
        6,
        7,
        8,
        9,
        10
    ],
    "y": [
        7154.2200454188105,
        6665.539769956308,
        6178.025753920034,
        5691.180321637844,
        5205.298683134938,
        4720.42570994993,
        4236.121232713996,
        3753.567896167258,
        3271.9059479885173,
        2793.243585685371
    ]
}