{
    "x": [
        1,
        2,
        3,
        4,
        5,
        6,
        7,
        8,
        9,
        10,
        11,
        12,
        13,
        14,
        15,
        16,
        17,
        18,
        19,
        20
    ],
    "y": [
        56147.542978551646,
        56075.85745223456,
        56004.9497918545,
        55934.72056552572,
        55865.67502590029,
        55797.936504007084,
        55731.15893051871,
        55666.166528783295,
        55602.35786222936,
        55539.66290655852,
        55504.30353278116,
        55471.20825629763,
        55439.29255016062,
        55408.36907175303,
        55378.1134010564,
        55348.272806088455,
        55319.09001250505,
        55290.19507455341,
        55261.782452887914,
        55233.51682421381
    ]
}