{
    "x": [
        1,
        2,
        3,
        4,
        5,
        6,
        7,
        8
    ],
    "y": [
        11708.231678479646,
        11283.68650199816,
        10883.782541674136,
        10639.806904970315,
        10586.375756427173,
        10551.877168020967,
        10545.572697972391,
        10541.54616659934
    ]
}