{
    "x": [
        1,
        2,
        4,
        8,
        16
    ],
    "y": [
        650.0666666666667,
        496.26666666666665,
        142.1,
        10.1,
        10.0
    ]
}